"id","name","birthday","email"
1,"Jesus Durek","1999-10-14","jdurek0@blogger.com"
2,"Fawne Mounter","1961-05-06","fmounter1@bloglovin.com"
3,"Price Kulicke","1976-02-02","pkulicke2@360.cn"
4,"Esdras Fatkin","1982-01-13","efatkin3@newsvine.com"
5,"Boyce Neljes","1991-07-15","bneljes4@wikispaces.com"
6,"Starr Townsley","1948-02-11","stownsley5@bloglines.com"
7,"Deonne Douthwaite","1995-07-03","ddouthwaite6@ted.com"
9,"Vaughn Wasylkiewicz","1993-08-20","vwasylkiewicz8@ask.com"
10,"Ethelda Baughen","1975-05-31","ebaughen9@twitpic.com"
13,"Willyt Charrisson","1953-10-13","wcharrissonc@ca.gov"
14,"Davis McCullouch","1949-02-06","dmccullouchd@uiuc.edu"
15,"Genevra Matthaus","1963-06-21","gmatthause@princeton.edu"
18,"Stevena MacGee","1948-01-26","smacgeeh@elegantthemes.com"
19,"Siobhan Halmkin","1954-12-18","shalmkini@slate.com"
21,"Clareta Winthrop","1991-03-31","cwinthropk@google.co.jp"
22,"Myranda McPherson","1959-12-22","mmcphersonl@printfriendly.com"
23,"Lucia Baumert","1954-02-23","lbaumertm@fc2.com"
25,"Isidro Hasslocher","1950-07-29","ihasslochero@sogou.com"
26,"Madelyn Blackhall","1947-01-17","mblackhallp@sogou.com"
27,"Ricky Andreacci","1995-01-25","randreacciq@foxnews.com"
29,"Meggie Mugridge","2000-03-24","mmugridges@whitehouse.gov"
30,"Emlyn Lawn","1966-07-01","elawnt@independent.co.uk"
31,"Tiphany Hartgill","1966-03-17","thartgillu@phoca.cz"
32,"Cinnamon Woollin","1951-10-22","cwoollinv@slideshare.net"
33,"Charles Corbridge","1994-12-29","ccorbridgew@goo.gl"
34,"Nita Dewes","1948-06-13","ndewesx@github.com"
35,"Lian Attwood","1990-12-05","lattwoody@trellian.com"
36,"Marion Stayte","1972-09-26","mstaytez@ameblo.jp"
37,"Barbey Upex","1946-07-26","bupex10@msn.com"
38,"Gordan Avory","1961-05-08","gavory11@prnewswire.com"
39,"Dianna Bibb","1996-09-24","dbibb12@ucsd.edu"
40,"Ambrosi Blacket","1980-04-05","ablacket13@berkeley.edu"
42,"Rosco Tomaszewski","1959-11-15","rtomaszewski15@chicagotribune.com"
43,"Kaiser Vondrys","1987-04-27","kvondrys16@cdc.gov"
44,"Gauthier Danielis","1969-12-28","gdanielis17@mlb.com"
45,"Jammie Kentwell","1971-05-07","jkentwell18@technorati.com"
46,"Eddi Ellesworthe","1974-08-17","eellesworthe19@cloudflare.com"
47,"Abigael Pass","1986-07-14","apass1a@tripadvisor.com"
48,"Inessa Breazeall","1957-01-27","ibreazeall1b@wikipedia.org"
49,"Ailina Stubbs","1999-04-23","astubbs1c@slashdot.org"
50,"Jessalyn McCosh","1993-02-05","jmccosh1d@tripadvisor.com"
17,"Nizamettin Güvenç","1976-01-01","gludlg@etsy.com"
41,"Polat Alemdar","1962-09-15","cbarwack14@marriott.com"
28,"Süleyman Çakır","1949-09-21","mblondelr@wsj.com"
11,"Ziya Yılmaz","1972-08-01","mofearguisea@springer.com"
